{"accuracy": [0.6090760231018066, 0.8600042462348938, 0.9133224487304688, 0.9396542906761169, 0.9556440711021423, 0.964037299156189], "loss": [1.3228598833084106, 0.440315842628479, 0.26794400811195374, 0.1831008493900299, 0.13603968918323517, 0.1079302728176117], "val_accuracy": [0.8125995993614197, 0.8926701545715332, 0.9211814403533936, 0.9508877992630005, 0.9441156387329102, 0.9328477382659912], "val_loss": [0.5952483415603638, 0.3309553563594818, 0.2437208890914917, 0.15062174201011658, 0.18016912043094635, 0.23574627935886383]}